{"name":"1b125437-2f33-4140-aca7-3147a439468c","id":"/providers/Microsoft.Flow/flows/1b125437-2f33-4140-aca7-3147a439468c","type":"Microsoft.Flow/flows","properties":{"apiId":"/providers/Microsoft.PowerApps/apis/shared_logicflows","displayName":"ShoppingListManually","definition":{"metadata":{"workflowEntityId":"e5b51697-94c9-ee11-9079-6045bdf38b93","processAdvisorMetadata":null,"flowChargedByPaygo":null,"flowclientsuspensionreason":"None","flowclientsuspensiontime":null,"flowclientsuspensionreasondetails":null,"creator":{"id":"2be69d58-87d8-4cbf-b705-d2f388b47fc8","type":"User","tenantId":"401b0a77-7e1f-4238-ad84-452e9017b942"},"provisioningMethod":"FromDefinition","failureAlertSubscription":true,"clientLastModifiedTime":"2024-02-12T10:51:00.2480835Z","connectionKeySavedTimeKey":"2024-02-12T10:51:00.2480835Z"},"$schema":"https://schema.management.azure.com/providers/Microsoft.Logic/schemas/2016-06-01/workflowdefinition.json#","contentVersion":"undefined","parameters":{"$authentication":{"defaultValue":{},"type":"SecureObject"},"$connections":{"defaultValue":{},"type":"Object"}},"triggers":{"manual":{"type":"Request","kind":"PowerAppV2","inputs":{"schema":{"type":"object","properties":{"text":{"description":"Please enter your input","title":"Input","type":"string","x-ms-content-hint":"TEXT","x-ms-dynamically-added":true}},"required":["text"]}}}},"actions":{"List_rows":{"runAfter":{},"type":"OpenApiConnection","inputs":{"parameters":{"entityName":"cr19f_pantryinventories","$select":"cr19f_product,cr19f_amount,cr19f_requiredamount,cr19f_status,cr19f_units,cr19f_location","$filter":"cr19f_status eq 'Empty' or cr19f_status eq 'Under'"},"host":{"apiId":"/providers/Microsoft.PowerApps/apis/shared_commondataserviceforapps","connectionName":"shared_commondataserviceforapps","operationId":"ListRecords"},"authentication":"@parameters('$authentication')"}},"Select":{"runAfter":{"List_rows":["Succeeded"]},"type":"Select","inputs":{"from":"@outputs('List_rows')?['body/value']","select":{"Product":"@{item()?['cr19f_product']}","Amount":"@{item()?['cr19f_amount']}","Required Amount":"@{item()?['cr19f_requiredamount']}","Units":"@{item()?['cr19f_units']}","Status":"@{item()?['cr19f_status']}","Location":"@{item()?['cr19f_location']}"}}},"Create_HTML_table_copy":{"runAfter":{"Select":["Succeeded"]},"metadata":{"operationMetadataId":"cdabc0d5-ceff-4b8d-a443-2c68c6df0e5a"},"type":"Table","inputs":{"from":"@body('Select')","format":"HTML"}},"Style":{"runAfter":{"Create_HTML_table_copy":["Succeeded"]},"metadata":{"operationMetadataId":"f6d26638-42de-46b7-8614-b3c8dc34f98b"},"type":"Compose","inputs":"<style>\ntable, td, th {\nborder: 1px solid #ddd;\ntext-align: left;\n}\ntable {\nborder-collapse: collapse;\nwidth: 100%;\n}\nth, td {\npadding: 15px;\n}\n</style>"},"Send_an_email_(V2)":{"runAfter":{"Style":["Succeeded"]},"metadata":{"operationMetadataId":"460eefc8-17c9-41e3-a53f-c85f67597797"},"type":"OpenApiConnection","inputs":{"parameters":{"emailMessage/To":"pk006813@w8t2x.onmicrosoft.com","emailMessage/Subject":"Shopping list manually generated","emailMessage/Body":"<p>@{triggerBody()?['text']}<br><br>@{outputs('Style')} @{body('Create_HTML_table_copy')}</p>","emailMessage/Importance":"Normal"},"host":{"apiId":"/providers/Microsoft.PowerApps/apis/shared_office365","connectionName":"shared_office365","operationId":"SendEmailV2"},"authentication":{"value":"@json(decodeBase64(triggerOutputs().headers['X-MS-APIM-Tokens']))['$ConnectionKey']","type":"Raw"}}}}},"connectionReferences":{"shared_commondataserviceforapps":{"connectionName":"1038f316344542409e307139161b77f2","source":"Embedded","id":"/providers/Microsoft.PowerApps/apis/shared_commondataserviceforapps","tier":"NotSpecified"},"shared_office365":{"connectionName":"shared-office365-d8c454be-21c6-47d3-9908-34ecff533b89","source":"Invoker","id":"/providers/Microsoft.PowerApps/apis/shared_office365","tier":"NotSpecified"}},"flowFailureAlertSubscribed":false,"isManaged":false}}