{"schemaVersion":"1.0","appDefinitionTemplate":{"id":"/providers/Microsoft.PowerApps/apps/","type":"Microsoft.PowerApps/apps","tags":{"primaryDeviceWidth":"2275","primaryDeviceHeight":"1047","supportsPortrait":"true","supportsLandscape":"true","primaryFormFactor":"Tablet","showStatusBar":"false","publisherVersion":"3.24015.12","minimumRequiredApiVersion":"2.2.0","hasComponent":"false","hasUnlockedComponent":"false","isUnifiedRootApp":"false","offlineLargeFilesSupport":"false","sienaVersion":"20240214T101335Z-3.24015.12.0"},"properties":{"appVersion":"2024-02-14T10:13:35Z","lifeCycleId":"Published","createdByClientVersion":{"major":3,"minor":24015,"build":12,"revision":0,"majorRevision":0,"minorRevision":0},"minClientVersion":{"major":3,"minor":24015,"build":12,"revision":0,"majorRevision":0,"minorRevision":0},"backgroundColor":"rgba(82, 35, 152, 1)","backgroundImageUri":"/17282049544430387936/Nee1cd775-4e34-4c07-8c31-095e9f8a5ad4-logoSmallFile","displayName":"House Inventory App v0,1","description":"Working beta test.","commitMessage":"","appUris":{"documentUri":{"value":"/17282049544430387936/Nbeb78176-b0da-4c3c-a8aa-a2f5611d3736-document.msapp"},"imageUris":[],"additionalUris":[{"isSolutionAware":false,"value":"/17282049544430387936/N6e2390bb-f1b7-4f1c-8302-e7befeb934e3-identity.json"}]},"createdTime":"0001-01-01T00:00:00Z","lastModifiedTime":"0001-01-01T00:00:00Z","sharedGroupsCount":0,"sharedUsersCount":0,"connectionReferences":{"455a8e30-1506-41c5-a300-985d6a22f0a3":{"id":"25f21872-ee39-4316-b1fe-ad8e00d184f6","displayName":"OpenAI GPT (Independent Publisher)","iconUri":"https://connectoricons-prod.azureedge.net/releases/v1.0.1673/1.0.1673.3557/openaigpt4ip/icon.png","dataSources":["OpenAIGPT(IndependentPublisher)"],"dependencies":[],"dependents":[],"parameterHints":{},"parameterHintsV2":{},"isOnPremiseConnection":false,"bypassConsent":false,"dataSets":{},"apiTier":"Premium","isCustomApiConnection":false,"actions":["ChatPost"]},"bee083ef-aeaa-4abf-8a07-daf894a1c9b8":{"id":"0f2011ce-f5a0-410b-b6b4-97a33a4a05ea","displayName":"Power Automate Management","iconUri":"https://connectoricons-prod.azureedge.net/releases/v1.0.1676/1.0.1676.3617/flowmanagement/icon.png","dataSources":["PowerAutomateManagement"],"dependencies":[],"dependents":[],"parameterHints":{},"parameterHintsV2":{},"isOnPremiseConnection":false,"bypassConsent":false,"dataSets":{},"apiTier":"Standard","isCustomApiConnection":false,"authenticationType":"firstParty"},"fea99a49-3dfe-42a0-9429-1b91c9555940":{"id":"196f5e19-94ab-491a-a2cb-8970e9d33170","displayName":"Logic flows","iconUri":"https://connectoricons-prod.azureedge.net/releases/v1.0.1664/1.0.1664.3477/logicflows/icon.png","dataSources":["ShoppingListManually"],"dependencies":["d8ca784f-2df8-4593-8051-0d13d2257147","8c1f532a-bc28-4d59-ba85-d76b81274ce7"],"dependents":[],"parameterHints":{"workflowName":{"value":"141a0209-9c45-4d44-8b02-33cfab15d409"},"workflowEntityId":{"value":"e5b51697-94c9-ee11-9079-6045bdf38b93"},"workflowDisplayName":{"value":"ShoppingListManually"},"d8ca784f-2df8-4593-8051-0d13d2257147":{"value":"shared_commondataserviceforapps"},"8c1f532a-bc28-4d59-ba85-d76b81274ce7":{"value":"shared_office365"}},"parameterHintsV2":{"workflowName":{"value":"141a0209-9c45-4d44-8b02-33cfab15d409"},"workflowEntityId":{"value":"e5b51697-94c9-ee11-9079-6045bdf38b93"},"workflowDisplayName":{"value":"ShoppingListManually"},"shared_commondataserviceforapps":{"value":"d8ca784f-2df8-4593-8051-0d13d2257147"},"shared_office365":{"value":"8c1f532a-bc28-4d59-ba85-d76b81274ce7"}},"isOnPremiseConnection":false,"bypassConsent":false,"dataSets":{},"apiTier":"Standard","isCustomApiConnection":false,"actions":["Run"],"nestedActions":[{"id":"/providers/Microsoft.PowerApps/apis/shared_commondataserviceforapps/apiOperations/ListRecords","apiName":"Microsoft Dataverse","actionName":"ListRecords","referencedResources":[]},{"id":"/providers/Microsoft.PowerApps/apis/shared_office365/apiOperations/SendEmailV2","apiName":"Office 365 Outlook","actionName":"SendEmailV2","referencedResources":[]}]},"d8ca784f-2df8-4593-8051-0d13d2257147":{"id":"034a55fd-20da-485d-b5af-710b46d8c5a4","displayName":"Microsoft Dataverse","iconUri":"https://connectoricons-prod.azureedge.net/releases/v1.0.1675/1.0.1675.3608/commondataserviceforapps/icon.png","dataSources":[],"dependencies":[],"dependents":["fea99a49-3dfe-42a0-9429-1b91c9555940"],"parameterHints":{},"parameterHintsV2":{},"isOnPremiseConnection":false,"bypassConsent":false,"dataSets":{},"apiTier":"Premium","isCustomApiConnection":false},"8c1f532a-bc28-4d59-ba85-d76b81274ce7":{"id":"bc6715f6-fa86-40b7-a474-e1fad7d0b438","displayName":"Office 365 Outlook","iconUri":"https://connectoricons-prod.azureedge.net/releases/v1.0.1676/1.0.1676.3617/office365/icon.png","dataSources":[],"dependencies":[],"dependents":["fea99a49-3dfe-42a0-9429-1b91c9555940"],"parameterHints":{},"parameterHintsV2":{},"isOnPremiseConnection":false,"bypassConsent":false,"dataSets":{},"apiTier":"Standard","isCustomApiConnection":false}},"databaseReferences":{"default.cds":{"databaseDetails":{"referenceType":"Environmental","environmentName":"default.cds","overrideValues":{"status":"NotSpecified","environmentVariableName":""}},"dataSources":{"Pantry Inventory":{"entitySetName":"cr19f_pantryinventories","logicalName":"cr19f_pantryinventory","isHidden":false}},"actions":["providers/PowerPlatform.Governance/Operations/Read","providers/PowerPlatform.Governance/Operations/Write","providers/PowerPlatform.Governance/Operations/Delete"]}},"almMode":"Solution","performanceOptimizationEnabled":true,"canConsumeAppPass":true,"enableModernRuntimeMode":false,"executionRestrictions":{"isTeamsOnly":false,"dataLossPreventionEvaluationResult":{"status":"Compliant","lastEvaluationDate":"2024-02-14T10:14:02.9489745Z","violations":[],"violationsByPolicy":[],"violationErrorMessage":"The app uses the following connectors: shared_openaigpt4ip, shared_flowmanagement, shared_logicflows, shared_commondataserviceforapps, shared_office365, shared_commondataservice."},"httpActionRestriction":{"appUsesSharepointHttpAction":false,"enforcementStrategy":"Legacy","evaluationTime":"2024-02-14T10:14:02.948897Z"}}},"appType":"ClassicCanvasApp","appComponents":[]}}